order_id,shipment_type,storage,product_id,order_date,arrival_date,user_id
1,3C4PDCGBXFT601116,Brass,56,3/14/2023,10/22/2022,42
2,1FTFW1E89AK950759,Vinyl,421,11/25/2022,5/6/2022,769
3,JTDKN3DU6B0839209,Brass,821,2/19/2023,11/6/2022,884
4,WAUGGBFCXDN506576,Steel,871,10/2/2022,6/9/2022,550
5,1G6AU5S88F0930197,Plastic,351,10/19/2022,3/10/2023,369
6,1D7RE2GK5BS989504,Vinyl,788,11/21/2022,11/3/2022,478
7,WBSDE93491B127687,Brass,44,8/12/2022,7/24/2022,248
8,WA1DVAFE8AD186533,Stone,538,3/29/2023,6/17/2022,362
9,SCFEFBAC9AG586040,Aluminum,92,1/7/2023,3/4/2023,588
10,WBANU53549C125719,Granite,64,10/26/2022,4/2/2023,254
11,WBABS53433E721819,Rubber,539,1/4/2023,4/8/2023,429
12,JH4DC53055S083128,Stone,887,2/21/2023,7/2/2022,343
13,SAJWA0FA7AH676456,Plexiglass,705,4/14/2023,11/20/2022,850
14,1GD22ZCG4CZ222570,Granite,949,12/3/2022,6/25/2022,314
15,3FAHP0CG1BR624521,Glass,194,2/3/2023,8/17/2022,711
16,1G6DV57V490173263,Brass,897,1/21/2023,8/16/2022,413
17,1G6YV34A255139715,Wood,524,8/18/2022,9/11/2022,113
18,1GYFK53269R600345,Plexiglass,368,12/16/2022,1/11/2023,553
19,3D7TT2CT8BG903605,Aluminum,446,3/1/2023,3/19/2023,399
20,5FRYD3H45EB219575,Granite,112,2/12/2023,10/15/2022,118
21,KL4CJGSB4DB142132,Stone,507,2/6/2023,12/18/2022,101
22,WAUDH94F16N391925,Brass,552,8/8/2022,12/30/2022,817
23,2G61V5S8XE9436974,Stone,674,4/18/2022,5/5/2022,917
24,WAUAFAFH1AN911784,Wood,521,10/28/2022,11/5/2022,103
25,WVWED7AJXAW877555,Glass,777,11/9/2022,12/5/2022,955
26,1GYS3HEFXER254162,Granite,389,2/5/2023,7/24/2022,355
27,WVWAB7AJ8CW119818,Glass,43,8/21/2022,8/19/2022,385
28,WA1LGBFE4CD637830,Aluminum,185,1/26/2023,3/29/2023,8
29,2LMDJ6JK5BB315833,Wood,239,1/13/2023,11/11/2022,653
30,1G6DH8EG4A0398221,Plastic,802,8/30/2022,11/28/2022,890
31,3GTU1YEJ9DG974317,Wood,978,3/26/2023,5/28/2022,229
32,WVGFF9BP0BD705105,Granite,756,6/1/2022,11/23/2022,656
33,1D7RV1GP9BS764427,Glass,943,1/22/2023,9/1/2022,979
34,3D7TT2CT1BG443672,Plastic,394,9/30/2022,7/13/2022,923
35,WA1VFBFL5DA276072,Plexiglass,898,4/17/2022,9/2/2022,38
36,WBANB53597C861753,Vinyl,929,12/4/2022,9/5/2022,820
37,WVGEF9BP7ED729126,Steel,959,4/9/2023,8/15/2022,358
38,1GYS4AEF5CR518048,Stone,12,1/25/2023,5/22/2022,592
39,5NPDH4AE6BH600541,Steel,16,11/25/2022,11/23/2022,575
40,5XYKT3A10CG536762,Brass,107,2/13/2023,1/16/2023,239
41,1G6YV36A085969580,Granite,34,6/11/2022,6/18/2022,419
42,19UUA56741A516908,Rubber,553,7/20/2022,12/8/2022,958
43,1N4AL2EPXDC501887,Steel,460,10/22/2022,4/26/2022,980
44,5UXFG8C50CL641811,Aluminum,529,2/21/2023,10/8/2022,124
45,KNAFX5A86F5772924,Rubber,45,5/23/2022,10/23/2022,619
46,5GAKVBKD0EJ675792,Glass,595,3/30/2023,8/31/2022,632
47,WAUWFAFR6AA503075,Wood,770,6/5/2022,10/2/2022,22
48,3C63DRML9CG310410,Plastic,537,4/29/2022,9/29/2022,444
49,3VW1K7AJ5DM180624,Rubber,855,3/10/2023,6/1/2022,939
50,JN1AZ4EH8BM323694,Wood,320,6/13/2022,10/27/2022,616
51,1FTMF1C8XAK702451,Stone,625,10/20/2022,2/9/2023,812
52,3C63DPHL8CG733459,Brass,584,11/27/2022,5/11/2022,552
53,JN1CV6EK9BM413853,Rubber,915,10/31/2022,2/2/2023,163
54,WA1BY94L98D800689,Stone,450,6/13/2022,12/3/2022,194
55,WBANV13579C050181,Rubber,358,9/26/2022,3/25/2023,25
56,WAUJGAFD2FN523495,Steel,181,10/8/2022,9/24/2022,123
57,1C6RD7PT8CS094827,Rubber,838,5/12/2022,3/13/2023,502
58,JM1NC2EFXA0830265,Plexiglass,769,6/3/2022,7/8/2022,498
59,WBAVB73587P248995,Brass,571,9/27/2022,8/1/2022,265
60,1D4PT7GX1BW790008,Brass,595,6/16/2022,8/27/2022,133
61,JN8AF5MR2CT169808,Rubber,703,2/6/2023,8/26/2022,38
62,WA1LFBFP6DA347161,Steel,696,9/18/2022,2/19/2023,562
63,1G6AF5SXXD0573989,Aluminum,368,12/18/2022,10/8/2022,554
64,1YVHZ8BH4A5932033,Plexiglass,447,12/10/2022,7/18/2022,887
65,YV1672MK2A2412868,Stone,787,4/11/2023,5/20/2022,383
66,1GYS3CEF8ER486603,Granite,537,4/12/2023,9/16/2022,242
67,WBA5M4C56ED655253,Plexiglass,14,9/19/2022,3/1/2023,719
68,JTDKN3DP1D3992317,Rubber,730,11/9/2022,11/18/2022,663
69,1G4HK5E94AU301278,Stone,512,11/3/2022,4/2/2023,519
70,3D4PG4FB5AT372032,Vinyl,26,9/3/2022,10/18/2022,756
71,3GYT4MEF1DG617635,Wood,43,2/8/2023,3/27/2023,508
72,JH4CL96816C926550,Plexiglass,529,7/4/2022,5/8/2022,966
73,WAUAT48H95K035156,Brass,492,3/8/2023,1/7/2023,371
74,4T1BD1EB3EU405147,Stone,710,12/23/2022,4/30/2022,473
75,JTHBL5EF0F5634977,Glass,338,2/18/2023,4/18/2022,176
76,3GYFNAE30ES497128,Plexiglass,138,9/5/2022,12/8/2022,908
77,1N6AA0CA5AN683160,Glass,888,4/3/2023,10/10/2022,596
78,WBA3R1C56FF515037,Vinyl,951,2/6/2023,4/12/2023,529
79,19UUA9F78CA975983,Plexiglass,279,1/11/2023,11/26/2022,964
80,WAUPEAFM6CA828274,Wood,542,5/18/2022,4/16/2023,942
81,WAUWFAFH8CN078302,Plexiglass,527,10/6/2022,12/21/2022,40
82,3G5DA03E32S801160,Aluminum,298,11/23/2022,11/6/2022,446
83,2C3CDXCTXFH831840,Brass,505,7/29/2022,1/10/2023,16
84,WBA3T1C50EP953580,Rubber,860,2/27/2023,4/27/2022,958
85,SCFEBBCF1BG039056,Plexiglass,933,2/14/2023,5/13/2022,233
86,WBANU53589C090652,Granite,629,12/4/2022,6/9/2022,635
87,1G6DA8EG3A0744120,Aluminum,426,4/10/2023,3/29/2023,279
88,WAUDH98E38A825595,Rubber,794,10/13/2022,9/27/2022,95
89,5NPDH4AEXEH655580,Wood,713,7/29/2022,1/26/2023,207
90,JTDKN3DU5F0864365,Plexiglass,803,9/4/2022,6/22/2022,577
91,JH4CL95876C367023,Wood,846,11/27/2022,10/26/2022,447
92,1G6DL8ED8B0159941,Plastic,407,6/19/2022,6/20/2022,961
93,3C6TD5FT9CG098744,Brass,409,10/16/2022,9/10/2022,1
94,1C3BC4EB7AN911484,Vinyl,321,2/16/2023,7/7/2022,637
95,JM3KE2BEXD0608412,Aluminum,89,10/18/2022,8/7/2022,218
96,1G4HR54K22U662249,Granite,214,3/2/2023,5/12/2022,864
97,JH4KC1F38EC681441,Steel,354,9/17/2022,5/29/2022,401
98,WAUSH98E27A987255,Granite,988,3/23/2023,9/27/2022,737
99,1FTEW1CM4CF501657,Plexiglass,111,4/16/2023,2/22/2023,274
100,1GYFK33299R872408,Plastic,285,10/9/2022,10/1/2022,130
101,WDDEJ7KBXDA336254,Glass,443,9/12/2022,8/4/2022,163
102,JN8AE2KP1D9877310,Steel,487,8/1/2022,12/17/2022,101
103,1FTEX1CM5DF331730,Wood,980,5/19/2022,5/25/2022,982
104,JTHBL5EF9E5273862,Granite,608,5/16/2022,9/23/2022,596
105,WDDGF4HB2EA703357,Glass,941,9/16/2022,8/20/2022,319
106,3FAHP0CG7CR935338,Granite,350,6/26/2022,9/11/2022,614
107,WDDGF4HB3CA662184,Stone,298,2/3/2023,12/21/2022,808
108,1FTEW1CWXAK995965,Aluminum,166,4/17/2022,7/21/2022,729
109,3GYT4LEF3BG267111,Brass,185,5/26/2022,6/4/2022,339
110,3D73M3CLXBG262086,Glass,291,5/24/2022,7/5/2022,259
111,KMHFG4JG9CA794841,Stone,899,7/3/2022,6/10/2022,998
112,SCBLF44J17C023479,Aluminum,974,2/25/2023,11/4/2022,159
113,5UXWX7C55E0595858,Vinyl,139,7/22/2022,7/10/2022,827
114,1G4GD5ER7CF148540,Plastic,659,8/13/2022,7/7/2022,941
115,WUARL48H28K754830,Steel,479,2/1/2023,4/13/2023,13
116,WAUDH94F48N677660,Glass,43,3/18/2023,3/30/2023,550
117,WAU3FAFR7DA927565,Glass,419,1/31/2023,8/7/2022,983
118,1G4HP57M09U027804,Glass,328,1/15/2023,9/10/2022,895
119,1G6AC5SX1D0139050,Stone,499,4/2/2023,11/2/2022,679
120,WBAEV33405K730118,Granite,535,5/9/2022,2/22/2023,780
121,JN8AF5MR8ET289406,Granite,758,3/19/2023,1/31/2023,863
122,WBAWL1C50AP580936,Wood,743,12/24/2022,7/8/2022,468
123,KMHHT6KD4DU431156,Brass,309,8/21/2022,5/18/2022,705
124,WBAWB73587P053337,Aluminum,460,12/16/2022,9/22/2022,422
125,YV1902FH6B2603021,Glass,220,2/19/2023,3/16/2023,263
126,WBAFZ9C52DC066126,Wood,838,4/29/2022,4/6/2023,629
127,3N1AB6AP9BL459467,Stone,777,12/6/2022,10/21/2022,439
128,1FTEW1CW1AF327528,Plexiglass,734,4/30/2022,11/22/2022,401
129,WAUJC68E05A483230,Plexiglass,485,12/19/2022,11/8/2022,374
130,2G4G05GV5B9695710,Brass,951,6/3/2022,3/4/2023,960
131,5FNYF3H24BB126021,Steel,824,4/5/2023,10/23/2022,918
132,1C6RD6FK2CS563462,Vinyl,420,12/9/2022,10/23/2022,634
133,1GYFK43868R412986,Glass,89,10/12/2022,1/2/2023,377
134,SCBDC4BL4AC877536,Plastic,962,10/17/2022,12/9/2022,260
135,SCFFDAAE8BG638653,Granite,242,10/12/2022,3/6/2023,945
136,WBA6B2C51DD679862,Plastic,354,6/17/2022,1/14/2023,313
137,1G4GE5EV0AF977778,Glass,794,7/8/2022,3/25/2023,646
138,1GYEC63T83R389180,Steel,541,7/6/2022,3/9/2023,703
139,2FMGK5DCXAB166013,Wood,34,7/23/2022,12/17/2022,196
140,2LMDJ6JK5FB574375,Brass,189,6/23/2022,4/23/2022,876
141,WBAEV53484K435830,Granite,72,1/12/2023,10/8/2022,597
142,TRUWT28N011846918,Glass,462,6/1/2022,12/30/2022,173
143,JM1BL1K50B1857818,Rubber,423,12/4/2022,4/23/2022,292
144,3FADP0L3XAR145069,Wood,424,4/10/2023,9/21/2022,611
145,3VW467AT4CM463257,Plexiglass,165,3/9/2023,9/21/2022,418
146,1YVHZ8BH9A5200318,Steel,649,2/3/2023,10/4/2022,485
147,1FTWW3B50AE293404,Rubber,432,5/24/2022,3/5/2023,855
148,JTDZN3EU1FJ344171,Steel,391,4/21/2022,6/16/2022,199
149,2HNYD28239H427605,Steel,284,3/8/2023,11/10/2022,865
150,2G4WS52J141211351,Steel,689,10/24/2022,1/31/2023,961
151,SCFEBBAC1AG327411,Wood,487,9/30/2022,5/30/2022,921
152,1D7RE3GK2BS039705,Rubber,126,10/31/2022,11/8/2022,469
153,WBANV13548B435704,Brass,979,2/4/2023,1/21/2023,692
154,KNAFT4A28D5099357,Granite,576,3/23/2023,12/25/2022,652
155,1G6DM8E36D0150498,Brass,313,6/12/2022,2/23/2023,639
156,2G4GR5GX9E9330054,Stone,306,4/3/2023,12/2/2022,263
157,WAUFMAFC9EN553422,Brass,697,10/7/2022,9/4/2022,742
158,WAUDF98E55A293140,Brass,868,10/4/2022,12/22/2022,368
159,1G6AA5RX8D0948671,Brass,189,5/4/2022,5/28/2022,714
160,JM3ER2W39A0031670,Plastic,186,8/25/2022,10/8/2022,829
161,1G6DP5E39C0254990,Steel,736,7/20/2022,9/24/2022,412
162,1C3BC4EBXAN173843,Steel,563,3/8/2023,12/20/2022,871
163,2C3CA9CT3AH277036,Aluminum,86,6/23/2022,7/13/2022,298
164,SCBGU3ZA9DC980240,Steel,573,12/6/2022,10/25/2022,260
165,WBAEN334X2P654888,Aluminum,932,6/26/2022,10/9/2022,14
166,JH4CU2F68CC255358,Vinyl,647,8/3/2022,1/31/2023,990
167,1FTDS3ELXAD546716,Stone,888,7/15/2022,2/22/2023,244
168,5YMGZ0C59CL752138,Plexiglass,449,9/12/2022,4/29/2022,452
169,1G6KD57Y58U520692,Plexiglass,368,1/15/2023,5/7/2022,305
170,3GYFK66N55G638655,Wood,324,5/10/2022,9/8/2022,145
171,JTJBM7FX8E5671806,Steel,459,4/25/2022,3/10/2023,392
172,SCBBP9ZAXCC130846,Aluminum,616,1/22/2023,8/31/2022,196
173,1GYFK43509R628582,Plexiglass,504,8/21/2022,12/6/2022,756
174,JTHHP5BC9F5426699,Stone,94,3/14/2023,4/24/2022,89
175,1G6YV36A465399869,Wood,515,12/24/2022,6/17/2022,985
176,WA1UFAFL2FA762217,Brass,360,1/5/2023,8/20/2022,913
177,1G6DP5EV0A0713290,Rubber,288,9/7/2022,8/27/2022,749
178,WAUBF78E68A693854,Steel,256,1/28/2023,10/10/2022,122
179,1G6DL1E30C0526671,Wood,506,11/6/2022,8/24/2022,480
180,JN1CV6AP6AM934318,Plexiglass,733,7/12/2022,7/12/2022,670
181,1GYFK43599R357747,Steel,931,5/15/2022,1/28/2023,619
182,JH4DC43631S608471,Granite,356,9/1/2022,8/1/2022,886
183,KL4CJCSB2FB357178,Wood,660,2/22/2023,12/3/2022,908
184,SCFAD01A77G575716,Rubber,213,2/25/2023,7/18/2022,463
185,WBA6B4C51DD017629,Brass,911,1/10/2023,8/13/2022,645
186,WAUED54B01N626992,Brass,813,6/5/2022,11/21/2022,588
187,1GYS3BEF8DR399065,Glass,231,8/7/2022,11/15/2022,808
188,JHMZF1D45ES129032,Glass,317,1/22/2023,7/18/2022,274
189,1G6DG8EYXB0036150,Glass,784,3/7/2023,8/23/2022,345
190,1C3BCBGG8EN220533,Rubber,620,1/16/2023,9/4/2022,117
191,3C4PDDBG7DT231541,Steel,619,9/9/2022,9/27/2022,805
192,19UUA56903A458011,Brass,1,3/23/2023,3/31/2023,894
193,1N6AD0CU3AC414359,Steel,652,1/29/2023,7/22/2022,745
194,SCFAD01E39G948160,Plastic,915,10/22/2022,11/22/2022,641
195,WA1DGAFP4FA393330,Vinyl,890,11/23/2022,6/5/2022,125
196,KNADH4A32A6910691,Granite,479,11/15/2022,5/7/2022,41
197,WDDGF4HB8DA866450,Vinyl,626,8/18/2022,3/7/2023,116
198,5J8TB2H58CA851403,Wood,875,4/12/2023,2/20/2023,337
199,1N6AF0LY0EN328921,Aluminum,926,2/28/2023,3/19/2023,182
200,WAUGVAFRXCA318831,Rubber,715,1/20/2023,2/3/2023,376
201,WBA5B3C51ED405435,Plexiglass,203,6/25/2022,4/28/2022,488
202,1G6DE5EG2A0571208,Granite,973,2/21/2023,5/4/2022,270
203,1C4RDJDGXCC659697,Steel,71,7/18/2022,2/26/2023,127
204,3D4PG4FB5BT044742,Vinyl,484,9/30/2022,11/25/2022,175
205,3D73Y4EL7AG587722,Wood,876,5/6/2022,4/14/2023,935
206,JN8CS1MU6EM206180,Brass,113,3/27/2023,6/26/2022,760
207,1G6DE1E31E0369598,Wood,633,2/8/2023,4/6/2023,156
208,1N4CL2AP7BC402276,Plexiglass,624,5/26/2022,4/20/2022,487
209,YV4952CY8C1253293,Plexiglass,791,10/10/2022,11/18/2022,24
210,WAUAH94F96N127273,Wood,82,3/18/2023,10/4/2022,425
211,WBA3C1C56DF330839,Steel,925,10/22/2022,9/25/2022,69
212,WP1AA2A2XBL120169,Rubber,345,11/30/2022,8/3/2022,171
213,4T3BA3BB9FU094678,Steel,224,11/10/2022,7/21/2022,392
214,TRUTC28N511633935,Glass,605,11/28/2022,5/10/2022,479
215,3D4PG6FV4AT039522,Stone,143,4/27/2022,6/11/2022,111
216,5UXZV4C5XD0949101,Rubber,893,7/21/2022,5/17/2022,702
217,3VW1K7AJ2DM770442,Stone,451,4/26/2022,3/30/2023,8
218,1FTEX1E82AK233001,Plastic,405,7/22/2022,4/1/2023,75
219,4T3BA3BB1AU229502,Glass,177,8/4/2022,11/23/2022,571
220,WAUTFAFH7CN693202,Aluminum,957,2/6/2023,1/8/2023,811
221,JN1AZ4EH8DM212436,Vinyl,442,7/17/2022,10/14/2022,728
222,5TFBY5F11AX548662,Aluminum,406,8/10/2022,4/3/2023,735
223,SCBDC47L59C841729,Steel,425,11/6/2022,2/2/2023,697
224,WAUJT54B63N869453,Plastic,596,10/26/2022,8/16/2022,377
225,1G4HR57Y08U120415,Wood,882,6/15/2022,10/6/2022,880
226,SCFEBBCFXCG360787,Plexiglass,1,5/16/2022,9/20/2022,588
227,WAUXU64B53N009945,Granite,677,7/12/2022,6/9/2022,964
228,5UXWX7C54EL568522,Rubber,18,4/7/2023,11/29/2022,113
229,WAULFAFH1DN466623,Stone,75,7/25/2022,8/24/2022,596
230,5FRYD4H42GB739192,Brass,363,3/24/2023,11/12/2022,826
231,WAUHF98PX8A898195,Vinyl,533,8/24/2022,4/2/2023,499
232,WAUWFAFR5AA773902,Brass,537,9/3/2022,11/23/2022,900
233,WBAYF4C52FG243953,Stone,668,6/3/2022,4/19/2022,490
234,WBASN2C53DC936242,Plexiglass,219,11/7/2022,5/13/2022,705
235,5TDBY5G14ES268406,Vinyl,548,11/28/2022,3/2/2023,124
236,5FRYD3H20EB878369,Granite,232,3/8/2023,7/22/2022,842
237,1GTN1UEH2EZ971576,Granite,29,7/7/2022,4/15/2023,878
238,1GYS4KEF1CR318693,Aluminum,991,6/16/2022,4/12/2023,238
239,JHMZE2H77ES943583,Granite,385,11/18/2022,6/28/2022,744
240,KMHEC4A49EA989189,Glass,640,7/25/2022,9/3/2022,451
241,WAUJC58E92A391099,Vinyl,926,4/28/2022,7/24/2022,145
242,WBADT43452G461300,Aluminum,458,7/24/2022,12/3/2022,923
243,JN8AZ1MU8DW885665,Brass,449,4/27/2022,10/26/2022,353
244,3GYFNCE32DS255158,Glass,44,6/8/2022,6/4/2022,788
245,3C3CFFCR9ET718962,Rubber,653,3/9/2023,5/28/2022,491
246,3GYFNAE30FS703355,Aluminum,857,12/28/2022,10/6/2022,897
247,3D7TP2CT8BG236698,Vinyl,412,7/23/2022,5/9/2022,952
248,1G6DH8E51C0734246,Plexiglass,455,5/8/2022,10/24/2022,993
249,1GYUKAEF8AR714027,Wood,752,2/28/2023,5/6/2022,25
250,WAUGL78E38A967316,Steel,756,4/11/2023,5/4/2022,543
251,3VW517AT3EM501129,Stone,736,2/25/2023,6/18/2022,801
252,WBADW3C58DE978745,Vinyl,750,7/20/2022,10/3/2022,810
253,WAUDH78E78A599243,Granite,122,11/30/2022,8/15/2022,950
254,3D4PG7FGXBT732362,Rubber,138,8/31/2022,11/26/2022,816
255,WBAAV33471E402685,Stone,620,2/9/2023,2/11/2023,517
256,WBA3K5C53EF011149,Steel,412,7/21/2022,10/6/2022,502
257,WBAKF3C52BE653870,Glass,255,11/13/2022,7/28/2022,14
258,KNADH5A37A6957527,Rubber,661,12/2/2022,4/28/2022,174
259,2T1BPRHE6EC444098,Wood,466,11/3/2022,1/3/2023,697
260,JN1CV6EK0BM788563,Granite,312,3/21/2023,1/26/2023,227
261,JN1CV6FE7BM029563,Rubber,142,4/21/2022,3/21/2023,138
262,WUARL48H57K498150,Steel,778,3/9/2023,5/11/2022,103
263,1GD02XEG4FZ340177,Glass,642,6/1/2022,6/8/2022,437
264,JHMFB4F21CS567250,Stone,866,2/7/2023,9/11/2022,892
265,19XFA1E33BE660317,Brass,41,8/9/2022,12/10/2022,815
266,WAUHFAFL2AN001113,Stone,248,2/26/2023,11/5/2022,695
267,5TFBY5F16AX573427,Wood,299,4/30/2022,10/2/2022,202
268,SCBBB7ZH9DC240966,Rubber,407,11/26/2022,7/2/2022,597
269,1G6KD5E6XBU932860,Plexiglass,95,4/19/2022,9/30/2022,571
270,2C3CDXCT5FH692958,Aluminum,882,1/22/2023,7/20/2022,818
271,KMHTC6AD3DU386755,Wood,44,12/29/2022,3/14/2023,891
272,5UMBT93518L584863,Glass,422,2/22/2023,2/16/2023,142
273,3C3CFFER3DT021900,Glass,942,2/19/2023,11/4/2022,787
274,JH4NA21601T166745,Wood,644,5/18/2022,8/16/2022,959
275,3C4PDDDGXCT904978,Granite,371,4/22/2022,9/24/2022,733
276,WA1YD64B42N910093,Plastic,237,12/3/2022,1/30/2023,607
277,WAUDF98E07A424056,Vinyl,785,7/31/2022,7/27/2022,774
278,1G6DM57T770002635,Plastic,767,9/18/2022,6/17/2022,282
279,5TDBY5G15BS121488,Plexiglass,794,9/26/2022,9/13/2022,289
280,WBAYB6C58DD212535,Brass,219,7/22/2022,4/23/2022,374
281,3D7JV1EP8BG538953,Stone,141,12/27/2022,1/14/2023,761
282,1N6AF0KY3EN058181,Stone,584,1/17/2023,10/14/2022,819
283,WAUMFAFL8CN165385,Aluminum,769,11/10/2022,6/30/2022,171
284,WDDJK6FA5FF930263,Plastic,513,4/16/2023,6/8/2022,122
285,JN8AF5MR3ET928369,Vinyl,178,12/12/2022,11/26/2022,987
286,SCBCU8ZA7AC894626,Plastic,830,9/15/2022,3/21/2023,670
287,3C63D3FL2CG378221,Wood,569,12/1/2022,6/4/2022,521
288,2C3CDXBG2CH320011,Plastic,621,6/27/2022,2/23/2023,297
289,1FBNE3BL1DD760390,Aluminum,11,8/1/2022,7/18/2022,273
290,1G6DC1E37E0765847,Plastic,158,9/6/2022,10/30/2022,915
291,ML32A3HJXFH080201,Steel,548,11/14/2022,5/27/2022,435
292,WAUDV94F27N889769,Glass,276,5/22/2022,10/13/2022,498
293,WDDLJ7DB1CA534563,Stone,807,10/8/2022,10/23/2022,332
294,3VWML7AJ3EM902300,Plexiglass,69,1/17/2023,9/19/2022,6
295,WBAAZ33493K610172,Rubber,26,3/8/2023,6/2/2022,250
296,5N1AN0NU3EN606366,Glass,715,1/20/2023,11/24/2022,436
297,JN8AZ2KRXBT352672,Glass,445,6/20/2022,6/21/2022,840
298,2G4GP5EX1F9466253,Brass,628,1/5/2023,2/3/2023,368
299,WA1VGAFP5EA330353,Granite,899,10/3/2022,12/19/2022,837
300,3D73Y4CL4AG496748,Steel,205,9/24/2022,2/23/2023,383
301,JH4KB16687C433416,Glass,480,9/4/2022,1/24/2023,589
302,WAUSF78E98A583297,Stone,736,6/19/2022,11/23/2022,310
303,1FAHP2DW9AG472138,Brass,216,4/17/2022,9/29/2022,933
304,5GAER13778J827026,Steel,245,9/12/2022,9/19/2022,644
305,WBABN73433P742483,Vinyl,466,10/14/2022,11/22/2022,434
306,WAUAF78E38A309346,Glass,313,4/28/2022,3/3/2023,811
307,5UXFA13566L202366,Granite,969,8/11/2022,5/23/2022,230
308,1G6YV36A285311064,Wood,455,8/29/2022,2/15/2023,652
309,3N1CE2CP3EL124571,Plexiglass,775,2/24/2023,3/25/2023,125
310,SCFAD223X3K890481,Wood,20,1/4/2023,7/1/2022,623
311,WAUEH98EX7A686679,Brass,14,11/10/2022,7/2/2022,899
312,19XFA1E89AE395767,Plastic,398,5/16/2022,12/23/2022,266
313,2C3CCADG4DH511606,Stone,930,8/2/2022,5/7/2022,242
314,WDCGG0EB6FG079270,Vinyl,132,8/13/2022,10/13/2022,685
315,JM1NC2JFXC0113423,Wood,538,8/27/2022,5/12/2022,394
316,1GYS4GKJ9FR988017,Rubber,259,2/2/2023,5/18/2022,973
317,2C3CCARG0FH157112,Plastic,879,6/23/2022,6/3/2022,329
318,2G4WS52J611326278,Granite,149,3/24/2023,10/24/2022,688
319,WBANB335X5C836524,Brass,749,8/8/2022,7/21/2022,746
320,1HGCP2F35CA199889,Vinyl,549,3/14/2023,8/13/2022,918
321,1G6AH5R38F0668423,Aluminum,463,5/31/2022,5/12/2022,210
322,KNDJT2A57D7801281,Glass,2,7/16/2022,11/2/2022,327
323,2G4GV5GV8D9841280,Plexiglass,673,11/10/2022,1/19/2023,383
324,1G4GD5GG3AF666718,Aluminum,623,4/9/2023,6/28/2022,890
325,4F2CY0C79BK071333,Stone,995,6/1/2022,11/14/2022,454
326,1C3CDZAB6DN038514,Granite,915,12/9/2022,8/13/2022,301
327,1G6AB5R31D0189873,Wood,338,9/20/2022,9/17/2022,251
328,19UUA66284A634247,Granite,111,4/24/2022,7/20/2022,738
329,2G4GP5EC8B9975568,Plastic,358,6/29/2022,4/26/2022,725
330,JM1GJ1U5XF1334238,Vinyl,912,4/12/2023,5/18/2022,867
331,1GD311CG5FZ582041,Steel,651,5/18/2022,6/21/2022,595
332,YV440MDB8F2247264,Granite,784,4/11/2023,6/20/2022,359
333,1VWAH7A34DC267657,Wood,276,1/8/2023,6/13/2022,461
334,SCFEBBBK5DG510773,Steel,57,12/3/2022,12/21/2022,354
335,19UUA9F74EA457811,Rubber,923,4/20/2022,6/10/2022,80
336,5N1AT2ML1FC194620,Aluminum,246,11/19/2022,6/7/2022,477
337,1G4HE57Y77U073720,Wood,823,1/8/2023,9/17/2022,118
338,JN1AZ4FH5FM096646,Stone,442,3/16/2023,6/30/2022,406
339,3GYT4MEF3DG725092,Rubber,114,12/22/2022,3/30/2023,304
340,JN8AZ2KR9DT571397,Granite,61,7/24/2022,1/6/2023,46
341,5J6TF1H39BL311714,Wood,739,8/24/2022,10/7/2022,581
342,WA1YL54B35N146058,Plexiglass,462,8/22/2022,9/7/2022,395
343,JHMFB4F26CS581144,Plexiglass,606,10/11/2022,1/22/2023,201
344,KMHFC4DF4BA846499,Glass,713,9/11/2022,4/23/2022,678
345,JN8AS5MT5DW342907,Plastic,130,8/4/2022,3/24/2023,196
346,4T1BD1FK2DU378763,Vinyl,569,9/30/2022,5/22/2022,293
347,WA1EV74L87D023429,Steel,433,8/14/2022,8/1/2022,518
348,SCBDR33W09C035533,Aluminum,224,6/22/2022,6/8/2022,497
349,5GALVAED2AJ127989,Brass,603,1/20/2023,3/13/2023,163
350,WA1CGAFE7ED442012,Vinyl,906,6/6/2022,8/27/2022,704
351,WVWAA7AHXBV335979,Plastic,96,10/30/2022,9/14/2022,292
352,W06VR54R21R069191,Wood,165,10/11/2022,3/8/2023,620
353,WAUJC68E64A957440,Wood,846,2/25/2023,4/1/2023,654
354,1G4HP54K74U351604,Vinyl,683,7/13/2022,8/9/2022,325
355,WAUDG74F65N628365,Granite,772,9/12/2022,6/12/2022,867
356,1G6AB5R3XE0584362,Aluminum,193,8/20/2022,9/17/2022,947
357,WAUFFBFL0BN609081,Steel,737,4/29/2022,11/6/2022,348
358,2B3CK2CV6AH226455,Plexiglass,281,11/20/2022,7/7/2022,546
359,JN8AF5MR3DT295421,Vinyl,102,4/21/2022,1/23/2023,582
360,WP1AB2A29FL204938,Plexiglass,79,10/28/2022,2/12/2023,135
361,1G6AB5RX5D0296296,Aluminum,68,8/14/2022,3/4/2023,638
362,SCBCR73W97C307268,Vinyl,90,9/19/2022,11/10/2022,591
363,1D4PU5GK5BW280184,Steel,338,2/17/2023,12/13/2022,624
364,1C3CDZBG3EN193727,Brass,541,4/12/2023,7/15/2022,274
365,1HGCR2E33FA143210,Steel,229,11/24/2022,8/17/2022,889
366,1C3CC5FB0AN852870,Stone,329,10/21/2022,10/3/2022,799
367,3N1AB7AP8FY007461,Aluminum,269,4/1/2023,7/29/2022,398
368,WAUVC58E55A418840,Aluminum,905,4/4/2023,2/6/2023,785
369,1FADP5CU2FL587114,Aluminum,311,2/7/2023,12/8/2022,822
370,3D73Y4CL6BG502356,Aluminum,569,1/4/2023,9/4/2022,545
371,3LNDL2L35CR859935,Brass,429,4/30/2022,11/16/2022,663
372,5TFCY5F1XBX463597,Plexiglass,900,3/30/2023,1/27/2023,136
373,3C6TD4KT2CG007426,Rubber,323,11/29/2022,12/22/2022,962
374,1GTN1TEX3DZ203265,Plastic,933,10/29/2022,3/17/2023,235
375,3N1CE2CP8FL468902,Plexiglass,174,8/6/2022,6/1/2022,167
376,1HGCP2E88AA101027,Glass,655,3/18/2023,5/15/2022,707
377,5N1AA0NC8DN717366,Steel,595,9/21/2022,10/5/2022,690
378,JHMZE2H51DS464282,Wood,448,8/30/2022,6/30/2022,751
379,1G6DE8E52D0683205,Steel,634,8/10/2022,4/23/2022,53
380,1FTMF1EW8AF801273,Brass,660,5/5/2022,7/9/2022,679
381,1N6AD0CWXEN374468,Plexiglass,940,7/14/2022,9/3/2022,722
382,WAUKGAFB3BN682961,Wood,773,7/22/2022,2/11/2023,859
383,1G6AB5RA5E0719620,Plexiglass,753,9/15/2022,10/16/2022,745
384,1FTWX3A56AE568482,Plexiglass,559,2/4/2023,9/22/2022,443
385,SCFPDCGP4EG976743,Wood,796,10/26/2022,5/27/2022,603
386,5N1AT2MK5FC914721,Brass,156,7/31/2022,5/15/2022,552
387,JN8AZ1MU5AW972130,Vinyl,309,3/6/2023,1/22/2023,306
388,1G6AC1R39F0653422,Vinyl,580,8/13/2022,6/19/2022,708
389,JTDKDTB33E1700652,Glass,944,6/24/2022,11/4/2022,426
390,1G4HB5EM3AU278001,Glass,635,10/27/2022,12/15/2022,820
391,5NPEB4ACXBH025932,Wood,473,11/27/2022,3/27/2023,34
392,WBAEW53465P657655,Stone,578,11/20/2022,10/6/2022,847
393,JTHBL5EF4C5770721,Plexiglass,716,11/26/2022,7/28/2022,513
394,WBA3N5C54FK195680,Plastic,614,4/11/2023,8/27/2022,28
395,4A4AP3AU7DE866699,Plexiglass,727,5/2/2022,8/6/2022,341
396,3C63DPJL6CG552225,Aluminum,702,9/25/2022,5/8/2022,793
397,WUARL48H36K474377,Glass,69,2/13/2023,11/26/2022,411
398,JTDKN3DU2A0962567,Steel,303,5/12/2022,1/31/2023,559
399,3C3CFFER2CT155893,Vinyl,44,5/8/2022,8/17/2022,340
400,WBAUN1C51AV224797,Brass,5,6/3/2022,9/20/2022,485
401,WBALW3C57DC135739,Wood,107,5/2/2022,5/28/2022,386
402,SCFFBCBDXBG774063,Vinyl,854,7/26/2022,5/1/2022,141
403,WA1UFAFL3DA455605,Granite,64,6/30/2022,10/4/2022,87
404,3C4PDDBG0CT831347,Aluminum,174,11/25/2022,12/23/2022,147
405,1GYS4RKJ5FR018581,Glass,1000,3/23/2023,11/3/2022,545
406,2B3CL5CT4BH718867,Plexiglass,416,6/3/2022,10/20/2022,402
407,1GD312CG4DF718437,Aluminum,162,10/11/2022,10/18/2022,515
408,4T1BK1EB0FU187367,Vinyl,443,4/4/2023,12/13/2022,755
409,JN1BY1PP7FM296410,Granite,286,1/10/2023,1/20/2023,199
410,JH4CU2F63EC866854,Stone,347,6/15/2022,2/10/2023,811
411,ZFBCFADH4FZ359991,Glass,809,5/21/2022,7/8/2022,863
412,KM8NU4CC8AU182883,Wood,237,5/20/2022,7/26/2022,888
413,1FBNE3BL5ED000013,Glass,480,6/16/2022,5/14/2022,82
414,3D7TT2CT4BG277986,Plastic,683,10/25/2022,8/11/2022,797
415,KL4CJESBXDB776369,Stone,842,10/8/2022,3/24/2023,978
416,WBASP4C58CC475706,Granite,4,5/25/2022,4/30/2022,687
417,3C6TD5FT4CG946755,Plastic,177,4/2/2023,8/16/2022,679
418,WAUCFAFC1DN821844,Plexiglass,611,6/24/2022,3/25/2023,615
419,2T1BU4EE1DC916142,Brass,227,9/29/2022,8/21/2022,300
420,WAUUL98E47A388672,Vinyl,886,3/19/2023,10/13/2022,45
421,YV1382MS5A2444942,Wood,511,4/22/2022,6/25/2022,366
422,1HGCP2E72AA967958,Glass,940,7/27/2022,4/29/2022,178
423,WA1WMBFEXFD116850,Steel,630,10/30/2022,11/3/2022,420
424,YV4940BZ2E1504698,Plexiglass,155,3/12/2023,6/2/2022,869
425,2T1BU4EE6CC880768,Granite,173,8/23/2022,8/25/2022,336
426,1G4HK5ES5BU668937,Rubber,338,1/30/2023,1/17/2023,483
427,WAUEL74F95N705245,Rubber,962,5/11/2022,7/7/2022,794
428,1N6AA0CC2CN890397,Brass,413,4/22/2022,5/31/2022,343
429,1D7RB1GP6AS750542,Steel,476,5/30/2022,3/30/2023,191
430,3GTU2YEJ9BG991838,Plastic,808,6/17/2022,11/30/2022,547
431,WBAEK13527C687517,Plastic,472,2/27/2023,4/9/2023,234
432,KMHFC4DF7AA182116,Rubber,376,9/17/2022,5/17/2022,172
433,1N4AB7AP3DN404413,Aluminum,888,11/1/2022,3/12/2023,637
434,WAUET48H66K574255,Plastic,918,12/26/2022,5/13/2022,444
435,WP0CA2A89AS315699,Vinyl,952,5/8/2022,8/11/2022,880
436,3D73Y3CL8AG961087,Brass,922,5/19/2022,5/30/2022,491
437,SALVP2BG3FH132017,Granite,2,11/29/2022,8/19/2022,774
438,1GKS2GEJ4CR554367,Stone,751,1/21/2023,2/6/2023,994
439,1G6DA1E31E0318839,Rubber,206,11/7/2022,7/3/2022,647
440,WBAGN63452D983879,Glass,258,10/5/2022,4/12/2023,197
441,4T1BF1FK6EU201581,Wood,273,6/18/2022,11/15/2022,17
442,WBAGL634X2D702021,Plexiglass,1,10/11/2022,3/10/2023,999
443,5J6TF3H38CL439424,Brass,175,7/27/2022,4/18/2022,99
444,1FTEX1C86AF431091,Aluminum,9,3/23/2023,8/15/2022,384
445,JH4KB16687C105090,Steel,191,3/2/2023,11/25/2022,114
446,WBASN2C5XDC305617,Brass,391,9/25/2022,8/5/2022,193
447,WAULT58E63A789882,Stone,99,11/26/2022,5/16/2022,168
448,1G4GJ5E32CF968075,Brass,354,10/15/2022,6/21/2022,858
449,1G6D05EG7A0077649,Glass,218,1/29/2023,12/1/2022,976
450,WAUWFAFL8BA495171,Rubber,495,3/25/2023,10/16/2022,373
451,WAUNF98P38A659817,Rubber,679,11/26/2022,9/28/2022,948
452,1FMEU6FEXAU932340,Brass,303,3/25/2023,10/18/2022,181
453,5TDBY5G10ES343179,Stone,792,1/23/2023,10/25/2022,458
454,SCBCR73W69C757513,Brass,750,6/22/2022,5/20/2022,569
455,JH4CU2E66AC331643,Stone,860,9/6/2022,11/16/2022,130
456,WAUBH78E28A595446,Vinyl,335,6/27/2022,7/11/2022,6
457,3C63DRAL2CG249616,Glass,452,6/27/2022,8/7/2022,247
458,JN1CV6AP7DM548883,Wood,566,9/5/2022,7/12/2022,350
459,WAUJC58E62A815516,Wood,682,11/1/2022,10/22/2022,893
460,JTDKDTB36C1418521,Glass,223,7/12/2022,2/28/2023,322
461,5J8TB18287A121786,Wood,711,8/19/2022,12/20/2022,269
462,WVWED7AJXDW677750,Aluminum,997,7/6/2022,3/20/2023,813
463,1G6DC1E36C0461731,Granite,574,11/11/2022,11/24/2022,146
464,YV1672MK0D2858490,Wood,18,8/17/2022,12/3/2022,942
465,YV1902FHXD2696709,Plastic,208,12/11/2022,12/20/2022,847
466,WBAFV3C53ED512451,Glass,869,6/1/2022,7/25/2022,896
467,WAUMV94E49N326040,Plexiglass,664,1/5/2023,7/6/2022,363
468,1N4AB7APXEN453352,Aluminum,258,4/18/2022,7/24/2022,827
469,1GKS1HE07BR945771,Vinyl,948,4/10/2023,4/26/2022,755
470,1D4PT6GX3BW303482,Wood,216,4/7/2023,9/17/2022,628
471,1G4HR54K55U335140,Glass,694,8/9/2022,10/27/2022,137
472,WAUVC58E05A778677,Steel,63,11/6/2022,12/21/2022,145
473,JHMZF1C40BS128643,Granite,289,12/27/2022,11/27/2022,982
474,1FTEW1C84AF371833,Aluminum,734,5/28/2022,7/11/2022,282
475,3N1AB7AP4FY099359,Steel,882,5/9/2022,9/16/2022,209
476,JN1AZ4EH0AM039815,Vinyl,408,1/7/2023,6/23/2022,449
477,WBAUL7C58CV705187,Stone,521,9/26/2022,5/14/2022,764
478,1GTG5AEA1F1347587,Brass,549,1/31/2023,6/30/2022,950
479,WAUSH78E78A314791,Rubber,720,5/9/2022,8/9/2022,82
480,JN8AF5MV6FT649609,Plastic,893,3/16/2023,2/11/2023,439
481,3GYT4NEF0DG486302,Aluminum,12,9/8/2022,6/10/2022,748
482,1FTSW2B50AE034081,Vinyl,715,5/11/2022,3/9/2023,355
483,WBSDE93412C262626,Plexiglass,764,7/23/2022,1/6/2023,889
484,WAULD54B93N100046,Aluminum,656,2/27/2023,8/20/2022,379
485,WBA3B5C53EF032163,Wood,737,7/14/2022,11/28/2022,331
486,1J4PR4GK9AC376631,Aluminum,416,11/10/2022,12/19/2022,114
487,19UUA56912A483143,Aluminum,92,6/30/2022,4/8/2023,675
488,5N1AZ2MH0FN018480,Plexiglass,490,5/27/2022,4/26/2022,491
489,WAURVAFA4AN380282,Wood,135,5/28/2022,9/25/2022,228
490,4JGBF2FE4BA755344,Brass,828,8/18/2022,11/19/2022,775
491,WAULC58E32A457817,Brass,578,4/5/2023,3/16/2023,541
492,3C6JD6EP1CG922320,Wood,83,7/16/2022,3/26/2023,808
493,19UUA76678A355970,Wood,507,5/27/2022,9/9/2022,290
494,WAUJT54B12N658482,Steel,731,6/4/2022,5/3/2022,351
495,1C3CDFAA6DD192006,Glass,89,11/8/2022,5/2/2022,538
496,5GALRCED6AJ165256,Granite,356,10/3/2022,6/6/2022,928
497,SCBLC47J68C319071,Brass,102,2/24/2023,4/13/2023,954
498,1G6DS57VX80485045,Glass,425,4/22/2022,12/23/2022,391
499,WBA6B8C58FD257335,Steel,663,11/28/2022,6/24/2022,870
500,1GKKRNED8DJ777392,Steel,602,9/30/2022,1/10/2023,19
501,5GADX33L55D466562,Plastic,6,9/14/2022,4/20/2022,134
502,WAULD64B63N874647,Stone,966,9/15/2022,6/5/2022,667
503,1G6DL1E31D0263981,Rubber,715,6/29/2022,10/6/2022,958
504,WBY2Z2C5XEV957942,Plexiglass,562,9/19/2022,2/2/2023,935
505,KL4CJFSB8DB308968,Steel,308,2/18/2023,3/22/2023,9
506,5GAKVAED0CJ064423,Wood,857,6/8/2022,12/9/2022,403
507,SCFAD02A35G390350,Steel,864,1/22/2023,11/10/2022,249
508,2D4RN6DX8AR998962,Brass,382,1/20/2023,1/18/2023,209
509,2C3CCAFJ0CH213741,Wood,785,11/5/2022,1/1/2023,730
510,1C4NJCBA1ED943427,Brass,866,5/4/2022,7/16/2022,622
511,WAUZL54B41N967557,Steel,290,6/17/2022,7/13/2022,155
512,5UXFA53562L209920,Aluminum,369,7/20/2022,2/22/2023,431
513,WBAEA53539C333552,Rubber,574,6/22/2022,4/16/2023,219
514,19UUA568X2A929507,Stone,337,8/9/2022,1/23/2023,162
515,JHMFA3F23AS424150,Plexiglass,837,4/19/2022,3/20/2023,864
516,3VWJX7AJ4AM920385,Aluminum,148,1/6/2023,4/3/2023,924
517,WAUMGBFL7CA309728,Stone,955,5/10/2022,7/29/2022,277
518,WBA3B5C56DP660100,Plexiglass,989,11/15/2022,3/6/2023,612
519,JH4NA12634T359713,Rubber,524,10/13/2022,4/6/2023,177
520,5J8TB3H71GL038082,Stone,938,11/7/2022,5/25/2022,142
521,1FTEW1E86AK646607,Glass,978,4/3/2023,7/7/2022,735
522,1N4AL2AP8AC504580,Aluminum,738,6/8/2022,11/19/2022,59
523,5LMCJ1A98FU385508,Vinyl,599,2/20/2023,3/7/2023,773
524,JN1BJ0HP8EM443510,Plexiglass,853,3/14/2023,9/19/2022,823
525,5FNYF3H28BB107391,Glass,22,9/26/2022,6/2/2022,273
526,WAUSFBFL4AA032298,Steel,823,1/10/2023,10/12/2022,992
527,5UXFG83539L419465,Plastic,994,10/25/2022,10/5/2022,350
528,3GTXCYEJ7AG515919,Vinyl,615,8/18/2022,3/11/2023,837
529,WDDEJ7GB0BA887010,Vinyl,129,3/15/2023,6/2/2022,528
530,1GD22ZCG2DZ554850,Plexiglass,584,4/14/2023,3/7/2023,797
531,1N6AA0CJ3EN244187,Glass,974,1/25/2023,12/7/2022,691
532,JN1AZ4EH6AM225990,Plastic,936,7/25/2022,12/28/2022,148
533,WDDHH8HB1BA553713,Stone,679,9/1/2022,1/20/2023,252
534,1FTFW1E82AK529563,Brass,606,7/26/2022,1/7/2023,795
535,KL4CJESBXEB859107,Steel,449,9/22/2022,3/20/2023,990
536,1GKUKGEJ2AR991886,Rubber,940,1/30/2023,11/15/2022,210
537,WAUBNAFB5AN175242,Plastic,317,6/28/2022,8/6/2022,327
538,NM0GE9E74F1176091,Aluminum,406,2/7/2023,5/2/2022,444
539,WBA3R5C51EK458811,Glass,89,6/25/2022,7/12/2022,829
540,WAUHF98P09A877275,Wood,886,4/11/2023,6/26/2022,268
541,5J8TB4H30GL315968,Aluminum,244,3/18/2023,6/24/2022,492
542,WBAWL13598P105408,Rubber,195,10/2/2022,7/30/2022,560
543,WAULC58E02A554022,Stone,846,8/26/2022,2/26/2023,160
544,WAUFFAFL3AN946465,Rubber,946,8/23/2022,12/3/2022,227
545,5NPDH4AE3EH872355,Vinyl,786,1/29/2023,4/19/2022,603
546,1GYS3HEF4BR543274,Glass,789,8/29/2022,5/12/2022,694
547,4T3BA3BB2CU551567,Plexiglass,388,3/29/2023,10/16/2022,591
548,1GTN1TEX4DZ200987,Plexiglass,970,7/20/2022,9/20/2022,143
549,SCFFDCCD7CG365822,Plexiglass,206,4/24/2022,2/18/2023,83
550,SCBBB7ZH6CC421148,Wood,559,3/15/2023,7/13/2022,317
551,WAULK78K59A588293,Stone,117,4/20/2022,7/11/2022,193
552,JH4DC53854S539374,Plexiglass,115,6/25/2022,10/22/2022,259
553,4JGBB9FBXBA530193,Stone,985,11/10/2022,1/4/2023,594
554,19UUA66264A544840,Granite,832,12/18/2022,11/22/2022,952
555,WAUVT58E45A622304,Plexiglass,449,1/14/2023,9/9/2022,279
556,WBASN4C55CC448887,Wood,209,5/15/2022,2/3/2023,569
557,JN1AZ4EH1AM593560,Plastic,468,8/30/2022,11/30/2022,983
558,3LNDL2L37BR545010,Granite,100,2/25/2023,3/22/2023,854
559,WAUCD64B34N271561,Stone,371,12/22/2022,11/25/2022,685
560,1C6RD7FP1CS549263,Stone,729,1/18/2023,1/13/2023,655
561,JH4DC54836S784417,Brass,759,2/6/2023,3/15/2023,918
562,SCFEBBAK8CG489482,Steel,935,2/4/2023,5/26/2022,909
563,1FTEW1CM8CK935054,Granite,939,8/29/2022,6/4/2022,235
564,1G4GC5G36FF053614,Plastic,102,9/26/2022,5/3/2022,584
565,5J6TF2H50FL166382,Aluminum,299,12/17/2022,10/26/2022,647
566,WA1WMBFE6FD551834,Glass,517,9/18/2022,11/4/2022,745
567,WA1YD54B14N194637,Granite,170,7/11/2022,2/18/2023,228
568,WAUMF68P96A318204,Vinyl,396,1/9/2023,9/27/2022,328
569,1HGCR6F54EA797767,Steel,195,12/14/2022,7/31/2022,589
570,WA1DKBFP9CA185136,Steel,13,4/16/2023,12/7/2022,12
571,1N6AA0EC4FN901109,Wood,737,2/9/2023,4/11/2023,212
572,SCFFDCCD1CG468637,Aluminum,137,1/8/2023,7/12/2022,312
573,1HGCR2F3XFA579776,Plastic,569,5/3/2022,9/28/2022,729
574,WA1WKBFP0AA468871,Rubber,748,9/30/2022,6/2/2022,113
575,WBA3G7C57EK066255,Plexiglass,50,2/15/2023,12/20/2022,367
576,WAUJT64B92N660793,Rubber,89,6/9/2022,11/29/2022,270
577,WBAYE8C54ED939515,Aluminum,158,7/19/2022,4/13/2023,673
578,5GADV33167D819527,Granite,498,4/15/2023,12/14/2022,667
579,WAUNF98P38A888918,Steel,316,3/16/2023,11/20/2022,273
580,1N6AF0LY0FN676011,Wood,730,8/11/2022,11/21/2022,432
581,3C4PDDDG4CT751286,Aluminum,795,8/2/2022,8/29/2022,793
582,WBAFV3C58ED723709,Wood,465,1/12/2023,6/24/2022,530
583,1FTEW1C88AF617296,Steel,799,12/16/2022,8/4/2022,200
584,KMHEC4A49DA722665,Vinyl,54,3/29/2023,1/4/2023,896
585,3A4GY5F93AT210231,Rubber,267,2/2/2023,8/22/2022,471
586,19XFB4F25FE114726,Rubber,9,5/31/2022,11/13/2022,232
587,19UUA56721A428620,Steel,764,10/15/2022,11/19/2022,993
588,2G4GT5GR4C9999817,Granite,440,6/30/2022,7/29/2022,478
589,1G6DJ5ED7B0687071,Plexiglass,478,5/2/2022,6/30/2022,311
590,1D7RE3BK4BS286392,Wood,49,6/17/2022,4/17/2022,158
591,WAUDGBFL1CA304895,Plastic,997,1/7/2023,6/22/2022,567
592,WBAYF8C56FD176735,Wood,929,10/16/2022,8/6/2022,706
593,WAUKFAFL0BN429673,Stone,353,5/24/2022,11/20/2022,707
594,WBAEB53549C811121,Aluminum,463,9/20/2022,3/24/2023,634
595,1G6DS5EV1A0397364,Granite,589,7/13/2022,9/10/2022,481
596,WAUJT68E82A651384,Plastic,776,1/14/2023,1/6/2023,98
597,SCFBB03B97G916968,Granite,967,8/15/2022,10/27/2022,661
598,WBA1F7C57FV273559,Glass,344,5/14/2022,3/5/2023,572
599,WAUDG58E35A031753,Aluminum,629,5/26/2022,2/6/2023,946
600,1HGCR6F39EA674741,Plexiglass,190,7/24/2022,3/29/2023,152
601,SCBBR93WX9C246636,Plexiglass,95,2/22/2023,10/7/2022,772
602,WBAKF5C54DE269927,Vinyl,142,11/14/2022,10/22/2022,722
603,JN1CV6EK5BM197094,Steel,91,8/6/2022,12/1/2022,635
604,4T1BK1EB2FU942907,Vinyl,155,6/6/2022,6/15/2022,446
605,WBAWL7C50AP096123,Rubber,489,2/27/2023,1/10/2023,416
606,WBA6B2C51DD884744,Granite,785,12/19/2022,5/12/2022,853
607,WBAKG1C56CJ494880,Brass,897,2/18/2023,3/15/2023,215
608,1C4RJEAG3FC375062,Wood,891,7/12/2022,12/11/2022,815
609,1B3CB9HA0AD124614,Aluminum,302,8/25/2022,2/4/2023,124
610,WAUWGAFC1FN635234,Aluminum,553,5/12/2022,4/19/2022,534
611,SCFEBBBK7BG289822,Vinyl,512,9/17/2022,3/3/2023,544
612,4A31K2DF8BE190688,Brass,886,12/15/2022,9/19/2022,603
613,WA1BV94L27D277183,Wood,368,11/8/2022,5/10/2022,825
614,2C4RDGEG5ER793268,Granite,687,1/26/2023,5/2/2022,462
615,1D7RB1CPXBS372569,Granite,738,7/12/2022,3/27/2023,471
616,5GAKVCKD8FJ578718,Wood,697,10/27/2022,3/20/2023,73
617,1N6AA0CA3BN845563,Stone,536,11/14/2022,9/3/2022,65
618,3LN6L2G93FR337719,Glass,491,10/26/2022,12/29/2022,792
619,1GD22ZCGXDZ547130,Granite,630,12/9/2022,2/21/2023,532
620,1G6DM57N340431901,Plastic,848,4/5/2023,12/1/2022,197
621,JM1BL1H44A1540055,Aluminum,450,5/9/2022,5/30/2022,551
622,5UXFE83519L967633,Steel,154,12/9/2022,7/5/2022,212
623,JN8AZ1MU2EW458130,Stone,696,4/30/2022,10/25/2022,209
624,WAUWFBFL5CA007964,Rubber,255,12/8/2022,6/12/2022,929
625,1N6AA0CH5DN392675,Stone,981,7/6/2022,8/5/2022,810
626,3N1AB7AP4FY826001,Aluminum,884,7/31/2022,1/12/2023,600
627,1G6YX36D375140232,Stone,829,8/30/2022,3/11/2023,166
628,1FTMF1E86AK028859,Steel,713,4/19/2022,10/29/2022,292
629,2C4RDGEG3FR556716,Stone,779,4/14/2023,10/27/2022,122
630,WAURFAFR0DA417309,Stone,760,6/15/2022,8/24/2022,861
631,3D7TT2HT7BG752992,Plastic,79,12/23/2022,11/13/2022,788
632,1GYEC63838R590942,Granite,479,3/6/2023,5/6/2022,319
633,3D7JV1EP0BG901892,Vinyl,85,6/21/2022,5/10/2022,427
634,WA1DGAFE0DD229910,Steel,998,5/8/2022,12/30/2022,9
635,JH4CU2F61BC932166,Steel,346,8/20/2022,2/15/2023,696
636,1G4HR54K224258450,Steel,660,1/9/2023,12/6/2022,16
637,3N1CN7APXEL041025,Rubber,407,3/11/2023,1/29/2023,668
638,1GD02XEG2FZ521083,Granite,809,7/20/2022,6/7/2022,996
639,JTJBC1BA5E2446875,Rubber,218,8/23/2022,3/3/2023,369
640,3C63D2GL4CG979509,Glass,312,1/6/2023,1/8/2023,314
641,WAUDF78E28A053147,Wood,301,9/1/2022,10/31/2022,13
642,1G6KD57Y88U781458,Aluminum,751,4/27/2022,8/8/2022,118
643,1D4PU6GX3AW511051,Wood,986,4/8/2023,8/23/2022,104
644,5UXWX9C58F0224237,Rubber,67,11/10/2022,6/10/2022,840
645,5GNRNJEE7A8879485,Brass,593,1/9/2023,4/2/2023,505
646,WAUWFBFL9BA359220,Rubber,523,6/24/2022,4/6/2023,991
647,JTEBU5JR4F5894695,Vinyl,665,10/8/2022,10/5/2022,630
648,1D7RE2GK1BS196779,Aluminum,220,5/13/2022,12/20/2022,454
649,WAULD54B43N496628,Stone,947,8/15/2022,12/10/2022,398
650,WAUDH74F28N866831,Vinyl,13,2/6/2023,5/5/2022,302
651,1GD022CG4CZ323915,Glass,346,10/25/2022,6/11/2022,541
652,1FTEW1C81FK447071,Wood,423,6/14/2022,9/8/2022,624
653,WBANA53525C713041,Steel,195,6/4/2022,3/6/2023,727
654,2D4RN4DE6AR461204,Brass,271,3/30/2023,3/30/2023,209
655,19UUA8F76CA892000,Rubber,910,6/30/2022,6/8/2022,296
656,1G4CW54KX14934760,Plastic,479,7/20/2022,10/23/2022,654
657,5TDBK3EH7BS145751,Glass,310,5/2/2022,8/25/2022,124
658,1G6AJ5S32D0791128,Brass,165,12/30/2022,1/23/2023,401
659,WVWED7AJ9BW861137,Aluminum,134,3/6/2023,7/1/2022,282
660,WAUSH94F48N429805,Plastic,542,4/14/2023,9/8/2022,168
661,WBAWV53557P408895,Steel,347,7/23/2022,9/13/2022,463
662,5TDDK3DC8BS254508,Wood,91,12/16/2022,1/21/2023,427
663,1C4RDHEG1EC829326,Vinyl,908,6/25/2022,7/3/2022,734
664,WAUKH74F28N656852,Plexiglass,949,6/18/2022,2/17/2023,195
665,WBAUC9C55CV639807,Plastic,52,9/18/2022,7/14/2022,871
666,5GADT13S572306851,Brass,826,3/26/2023,8/10/2022,403
667,JH4CU2F82CC060535,Glass,847,6/5/2022,1/25/2023,552
668,TRUTC28N841364415,Granite,930,10/25/2022,1/8/2023,121
669,SCBCR7ZA9AC570296,Steel,315,3/27/2023,11/20/2022,844
670,JTHHP5BC2F5985169,Granite,380,10/20/2022,5/26/2022,264
671,ZHWGU5BZ2CL668520,Rubber,513,3/9/2023,12/6/2022,232
672,JH4KB26529C040088,Granite,746,10/5/2022,2/20/2023,358
673,1GKS1HE02DR542896,Rubber,571,5/14/2022,6/1/2022,745
674,1D4SD6GT1BC180416,Rubber,365,11/20/2022,3/18/2023,184
675,2G4GS5EKXC9874815,Granite,207,1/12/2023,5/6/2022,516
676,1FTMF1CW0AF517610,Steel,706,12/8/2022,10/20/2022,548
677,WVWAB7AJ4CW058306,Rubber,158,12/25/2022,2/26/2023,312
678,WAUGFBFC1EN409187,Steel,812,1/2/2023,7/23/2022,418
679,WAUKH94F08N736341,Plastic,924,4/4/2023,1/11/2023,162
680,TRUUT28NX41905470,Rubber,717,9/5/2022,7/17/2022,470
681,5TDBW5G11FS918199,Aluminum,292,7/8/2022,5/24/2022,458
682,4A31K3DT6BE834667,Stone,120,2/2/2023,6/22/2022,605
683,JTHFF2C25F2742830,Plexiglass,907,5/26/2022,6/1/2022,928
684,JN8AZ2KR2DT176896,Glass,455,5/28/2022,11/17/2022,690
685,WBA3T3C50FP462374,Steel,992,7/16/2022,10/18/2022,880
686,5XYKT3A68FG554166,Plexiglass,677,2/12/2023,9/16/2022,57
687,3N1CE2CP9FL941755,Aluminum,16,9/6/2022,4/20/2022,330
688,WBAGH03441D768464,Stone,103,9/22/2022,9/10/2022,298
689,2T1BURHE9FC590408,Steel,57,6/18/2022,8/4/2022,943
690,WAUJC58E22A700606,Plexiglass,156,9/3/2022,5/5/2022,368
691,WA1VMBFE8AD740375,Vinyl,277,12/26/2022,4/4/2023,899
692,3N1BC1AP2BL236904,Stone,487,10/4/2022,3/15/2023,335
693,3D4PH9FG6BT959606,Stone,34,12/27/2022,10/1/2022,428
694,WBA3N3C54FF426834,Glass,650,10/22/2022,5/26/2022,226
695,WDDLJ7DB1CA254870,Granite,425,2/21/2023,2/15/2023,706
696,WA1YD64B13N458024,Plexiglass,872,5/7/2022,9/7/2022,556
697,KMHHT6KD8AU918274,Stone,888,12/4/2022,3/20/2023,997
698,5J6TF1H37DL791433,Stone,770,1/19/2023,10/25/2022,740
699,SCBCU7ZA5BC157825,Glass,98,12/16/2022,2/25/2023,231
700,1B3BD2FBXBN752202,Rubber,478,4/22/2022,5/8/2022,198
701,WA1WYBFE1AD545503,Aluminum,655,2/4/2023,4/15/2023,254
702,YV1940AS3D1136077,Brass,645,1/16/2023,9/13/2022,787
703,1N6AA0CA9BN815824,Stone,101,2/23/2023,1/20/2023,645
704,KM8JT3AF3EU633653,Plastic,611,4/18/2022,9/8/2022,259
705,1G6AH5RX7F0665774,Vinyl,900,12/18/2022,5/10/2022,132
706,JTDJTUD36DD528129,Steel,928,8/11/2022,5/2/2022,241
707,JTHCL5EF2F5280741,Vinyl,800,6/10/2022,2/28/2023,396
708,1C4SDHCT7DC859477,Brass,585,6/1/2022,4/20/2022,665
709,WBSWL93509P173690,Stone,492,11/13/2022,10/19/2022,165
710,1NXBU4EE5AZ811713,Plexiglass,749,2/5/2023,4/19/2022,196
711,19UUA56892A655250,Rubber,904,3/21/2023,11/24/2022,79
712,SAJWA0EX3E8318363,Brass,412,2/14/2023,2/15/2023,220
713,1N6AA0EJ0FN524468,Stone,419,6/12/2022,6/21/2022,483
714,JN1CV6FE8EM433654,Brass,265,12/13/2022,5/13/2022,704
715,WAUMFAFL3DN611234,Wood,204,3/11/2023,1/1/2023,571
716,WBA3R5C50FK788599,Vinyl,999,5/31/2022,1/25/2023,231
717,WAUYGBFC4DN680969,Steel,591,6/4/2022,10/22/2022,383
718,1N6AD0CW1EN872994,Plexiglass,972,8/29/2022,7/20/2022,728
719,WBABS53443E293839,Plexiglass,762,10/2/2022,4/16/2023,865
720,JN8AE2KPXB9298538,Wood,875,10/22/2022,10/9/2022,444
721,5LMJJ3H56AE980737,Wood,940,9/16/2022,7/6/2022,287
722,2FMHK6DCXAB467553,Plexiglass,790,10/3/2022,2/10/2023,493
723,1GD020CG2DZ706273,Vinyl,964,11/23/2022,1/14/2023,500
724,5FRYD4H65GB526920,Stone,532,5/19/2022,7/30/2022,888
725,1N6AA0EK1FN570089,Aluminum,356,5/28/2022,10/5/2022,597
726,3GTU2YEJ6DG844072,Aluminum,244,2/24/2023,1/19/2023,39
727,KMHGH4JF6BU603009,Plexiglass,471,1/14/2023,10/5/2022,700
728,1G4GC5GCXBF250280,Vinyl,332,6/28/2022,6/11/2022,59
729,SCFBB03B47G947285,Stone,199,2/24/2023,4/14/2023,342
730,WA1CMAFE8ED479692,Granite,899,10/9/2022,12/19/2022,869
731,1G6DC8EG1A0587147,Wood,916,12/23/2022,10/5/2022,689
732,SCBBR9ZA8CC585172,Brass,826,9/14/2022,1/11/2023,319
733,1D7RE2BK5BS115161,Wood,517,4/9/2023,4/25/2022,484
734,1FMJK1F57DE869994,Plexiglass,420,8/19/2022,11/11/2022,426
735,SCBLC43F06C842956,Vinyl,959,11/5/2022,6/19/2022,439
736,JTJBC1BA2B2570100,Aluminum,622,10/12/2022,3/10/2023,913
737,SCFAD02E09G740025,Steel,55,5/8/2022,2/22/2023,861
738,WVGAV3AX2DW790872,Stone,27,7/31/2022,9/17/2022,462
739,3D4PG4FB7BT914314,Steel,508,1/5/2023,6/25/2022,696
740,KMHDB8AE2AU233288,Aluminum,150,10/30/2022,10/10/2022,539
741,JN1AZ4EH0EM982289,Granite,828,11/26/2022,3/6/2023,392
742,2C3CDXDT1EH690265,Rubber,31,7/21/2022,8/20/2022,970
743,1C3BC2EB6BN372684,Wood,463,7/3/2022,11/25/2022,893
744,5N1AN0NW6EN491134,Wood,725,9/13/2022,12/30/2022,491
745,SCBFH7ZA5FC150574,Plexiglass,789,8/24/2022,12/26/2022,291
746,19XFB2F56DE059778,Plastic,144,12/19/2022,9/30/2022,341
747,1FTWW3B51AE678809,Steel,462,10/23/2022,4/30/2022,941
748,WBAWL13599P908222,Steel,376,1/25/2023,2/23/2023,501
749,WAULT68E64A384001,Vinyl,792,10/11/2022,5/8/2022,375
750,KL4CJDSB3FB724806,Glass,340,1/5/2023,3/9/2023,454
751,1GD312CG3BF745660,Aluminum,372,2/3/2023,3/20/2023,379
752,SCBBR9ZA5CC289722,Steel,181,8/19/2022,9/14/2022,284
753,1GYS3HKJ1FR883240,Glass,384,5/6/2022,11/22/2022,653
754,KNAGM4AD2B5425315,Brass,105,2/19/2023,12/15/2022,926
755,5N1BA0NC7FN062799,Plexiglass,879,1/20/2023,6/21/2022,350
756,WP1AE2A22EL394541,Glass,364,3/30/2023,3/31/2023,821
757,1FTSX2B51AE852027,Glass,89,9/17/2022,10/4/2022,635
758,2HNYD28357H764461,Stone,114,2/3/2023,12/12/2022,560
759,3D4PG9FG1BT116464,Vinyl,428,9/11/2022,1/29/2023,432
760,1FTMF1E86AK793957,Plexiglass,435,9/5/2022,12/18/2022,609
761,ML32A3HJ1EH231490,Plexiglass,953,3/21/2023,4/25/2022,164
762,3VWC17AU7FM217200,Plexiglass,423,6/11/2022,10/22/2022,100
763,1G4GC5ER7DF241790,Aluminum,773,11/12/2022,6/7/2022,207
764,2B3CL5CT1BH913549,Granite,452,9/24/2022,5/20/2022,703
765,WVGAV7AX5AW709429,Plastic,888,1/23/2023,7/26/2022,737
766,2LMDJ6JK3EB958900,Plastic,124,7/3/2022,1/16/2023,667
767,1N6BF0KL4FN506955,Wood,201,4/22/2022,1/24/2023,331
768,1N4AA5AP7BC872158,Glass,617,3/22/2023,6/5/2022,113
769,KMHTC6AD4EU009367,Vinyl,833,8/28/2022,4/23/2022,948
770,1FTNF1E80AK535096,Steel,200,2/7/2023,9/24/2022,652
771,WAUVT58E55A080968,Stone,59,4/18/2022,10/30/2022,783
772,3VW4A7AT8DM283439,Glass,677,5/19/2022,2/5/2023,385
773,WAUHFAFL7BN393779,Wood,498,6/27/2022,10/6/2022,204
774,JN8AS5MT1BW080462,Plexiglass,331,4/21/2022,3/31/2023,96
775,1HGCR6F37EA878406,Glass,808,7/1/2022,10/12/2022,404
776,WVGFF9BP0BD415981,Granite,924,9/13/2022,11/29/2022,49
777,2V4RW3D13AR776579,Wood,243,5/3/2022,10/27/2022,614
778,JH4KB2F58BC297018,Rubber,579,9/9/2022,11/6/2022,816
779,1GYS4AEF5DR101739,Aluminum,22,7/24/2022,9/1/2022,90
780,WAUMF98PX6A859022,Glass,139,12/10/2022,6/23/2022,813
781,5N1BA0NC5FN765396,Steel,224,9/9/2022,4/9/2023,521
782,5UXFF035X9L106840,Plastic,767,11/1/2022,4/8/2023,83
783,1C3CC5FB6AN047293,Stone,457,6/5/2022,6/13/2022,155
784,3HGGK5G53FM862353,Wood,370,8/22/2022,2/26/2023,345
785,2T1KE4EE0AC296019,Plastic,548,2/1/2023,5/1/2022,14
786,JN8AF5MR7BT217785,Rubber,161,3/10/2023,1/19/2023,690
787,1G6DM8EV7A0079003,Steel,447,11/27/2022,4/18/2022,515
788,3VW4S7AT4EM065965,Stone,986,1/19/2023,7/23/2022,919
789,3D7TT2CT6BG750657,Rubber,58,2/9/2023,5/2/2022,250
790,1D7RV1GPXAS672354,Stone,929,1/1/2023,11/26/2022,784
791,WBAPH5C51BA046149,Vinyl,965,2/22/2023,7/7/2022,352
792,JM1NC2EF1A0921327,Aluminum,332,1/14/2023,2/24/2023,673
793,5TDBW5G19AS307636,Glass,234,10/23/2022,5/25/2022,863
794,WAUSFBFL9AA633951,Stone,789,7/21/2022,10/9/2022,979
795,WAUKF78EX8A087568,Glass,762,11/14/2022,9/6/2022,907
796,1G4CW54K914145595,Glass,900,2/25/2023,8/29/2022,240
797,3D73M4CL2AG738433,Granite,984,4/3/2023,9/21/2022,748
798,KNADM4A35C6234705,Granite,242,12/10/2022,2/28/2023,540
799,WBA3V7C51FP107960,Steel,66,11/20/2022,6/23/2022,538
800,YV4952CY6C1422856,Plastic,321,5/13/2022,9/14/2022,159
801,JH4CW2H54DC099951,Brass,3,11/30/2022,8/16/2022,40
802,WBABD33416P993809,Stone,148,10/23/2022,2/14/2023,672
803,WUARL48H05K425880,Stone,416,4/10/2023,2/25/2023,252
804,1GKS1HE08CR225154,Glass,147,2/8/2023,1/7/2023,856
805,WAUXL58E65A813893,Plastic,95,10/31/2022,9/6/2022,384
806,2T1BU4EEXDC591135,Brass,799,11/26/2022,3/24/2023,276
807,WBAVB73538F801480,Rubber,478,4/20/2022,3/7/2023,389
808,WA1CGBFE9CD390515,Plastic,514,4/5/2023,8/19/2022,864
809,TRUWT28NX41920009,Glass,307,12/18/2022,5/30/2022,9
810,1GKS1HE07DR161979,Brass,631,4/4/2023,6/6/2022,954
811,5FRYD3H2XGB084322,Vinyl,984,6/10/2022,4/5/2023,49
812,KNADH4A38B6937251,Wood,460,3/7/2023,10/2/2022,206
813,WAUBVAFB0BN093629,Plexiglass,498,3/9/2023,10/11/2022,798
814,1N4AB7AP8EN643683,Aluminum,847,5/11/2022,9/2/2022,913
815,WA1DKAFPXCA369561,Glass,846,8/18/2022,10/30/2022,969
816,JTEBU4BFXBK573349,Aluminum,391,3/27/2023,8/23/2022,871
817,1C6RD6KP4CS058671,Plexiglass,344,5/14/2022,4/18/2022,342
818,5FNYF3H3XFB582765,Plastic,100,1/22/2023,3/15/2023,736
819,5XYKT3A16CG356931,Steel,827,4/17/2022,9/1/2022,226
820,YV426MDB4F2084750,Vinyl,521,6/26/2022,5/28/2022,849
821,3N1BC1AP4BL095768,Plexiglass,798,3/6/2023,1/25/2023,317
822,WAUMFAFL3BN714781,Vinyl,683,1/10/2023,7/26/2022,711
823,1FTWW3DY3AE219479,Plexiglass,515,10/22/2022,1/29/2023,146
824,KMHTC6AD7EU150160,Glass,141,2/10/2023,4/25/2022,90
825,4T1BD1FKXEU910049,Vinyl,580,4/12/2023,7/16/2022,8
826,SCFPDCGP0EG112711,Vinyl,349,1/3/2023,11/8/2022,333
827,1G4GA5EC3AF849366,Plexiglass,696,9/8/2022,11/29/2022,877
828,WA1YD64B14N501598,Wood,172,7/3/2022,4/6/2023,709
829,WAUWGAFC9EN571054,Steel,893,11/20/2022,3/16/2023,945
830,137ZA83351E680753,Granite,474,11/9/2022,1/11/2023,449
831,1GYFC56229R939824,Plastic,449,2/25/2023,3/26/2023,950
832,2G61L5S39F9717353,Stone,468,5/8/2022,4/9/2023,484
833,SCBZB25E82C966327,Plastic,64,9/27/2022,12/4/2022,833
834,SCBFU7ZA8DC674603,Brass,157,1/18/2023,12/20/2022,739
835,1G6AZ5SX8E0743193,Rubber,401,2/11/2023,10/31/2022,86
836,5J6TF3H3XCL865339,Wood,27,2/10/2023,5/24/2022,630
837,WAULD54B83N435766,Plexiglass,933,7/30/2022,4/26/2022,816
838,JTHBW1GGXD2997680,Brass,97,5/28/2022,4/3/2023,555
839,WBADW7C59DE191195,Aluminum,218,3/1/2023,6/13/2022,373
840,WAUHF98PX8A864208,Plexiglass,163,11/9/2022,9/20/2022,14
841,1N6BF0KX3FN575137,Granite,101,2/3/2023,1/26/2023,302
842,1C3CCBHG9CN795773,Glass,194,8/17/2022,3/12/2023,54
843,WBAFU9C57CD857937,Vinyl,426,12/18/2022,1/25/2023,840
844,SCBDR33W48C867357,Granite,667,4/16/2023,12/16/2022,609
845,WA1CFBFP9CA818119,Vinyl,536,8/12/2022,5/15/2022,597
846,JH4CL95987C266289,Plastic,811,8/9/2022,8/30/2022,562
847,1GYFC53259R850785,Steel,484,2/1/2023,6/8/2022,719
848,WBADX7C52DP515072,Aluminum,482,5/16/2022,11/16/2022,187
849,2G4GT5GC8B9691480,Granite,446,5/3/2022,6/5/2022,270
850,1B3AZ6JZXAV278615,Stone,461,3/7/2023,7/24/2022,300
851,5NPDH4AE3BH316221,Granite,882,6/1/2022,1/1/2023,120
852,1GYEK63N13R976891,Brass,888,11/14/2022,11/7/2022,624
853,3MZBM1K75EM470667,Rubber,391,1/5/2023,2/28/2023,854
854,1C6RD7LP6CS371029,Vinyl,365,11/24/2022,8/25/2022,564
855,WA1YD54B23N684325,Plexiglass,129,1/9/2023,11/19/2022,528
856,JTHBL5EF6E5333306,Plastic,941,7/25/2022,12/31/2022,952
857,WBAKE3C5XDE765063,Aluminum,486,11/22/2022,7/30/2022,63
858,WA1CMAFE8BD324121,Brass,758,3/12/2023,2/14/2023,833
859,5UXZV4C51BL172500,Rubber,690,2/17/2023,3/1/2023,176
860,4USBU33557L581682,Aluminum,512,1/2/2023,9/3/2022,729
861,JTJHY7AX0F4192258,Stone,467,2/12/2023,6/23/2022,223
862,3GYFNEEY8AS690205,Glass,308,2/25/2023,8/17/2022,369
863,WBADX7C54DE358415,Aluminum,880,12/11/2022,5/14/2022,875
864,TRUXD38J791179085,Aluminum,832,4/14/2023,5/26/2022,988
865,1FTEX1CM8BK658658,Rubber,958,7/12/2022,3/23/2023,102
866,JH4CU4F46AC897505,Aluminum,747,1/24/2023,6/19/2022,716
867,2C3CCAKT0CH772861,Plexiglass,77,10/12/2022,4/27/2022,738
868,JN1AZ4EHXFM159466,Granite,306,3/26/2023,7/26/2022,232
869,1G6DP1E38C0712981,Stone,895,3/2/2023,7/24/2022,39
870,4T1BF1FK9CU899116,Brass,247,5/8/2022,10/8/2022,931
871,1G4PR5SK1C4562448,Wood,906,2/26/2023,5/28/2022,844
872,WAUAH74F47N564197,Plexiglass,476,11/30/2022,12/28/2022,679
873,WAUKF78E66A250259,Stone,860,2/1/2023,4/2/2023,86
874,1G6KD57Y18U589735,Wood,27,1/30/2023,1/8/2023,592
875,WAUUL98E97A965454,Plastic,103,8/17/2022,2/13/2023,274
876,WDBWK5EA4AF870396,Plexiglass,502,7/24/2022,9/25/2022,589
877,JN8AS1MUXAM135664,Stone,793,10/30/2022,1/29/2023,574
878,3C4PDCAB0FT221260,Stone,52,3/10/2023,4/18/2022,972
879,1G6DD8E37E0867171,Plexiglass,272,6/20/2022,1/1/2023,892
880,WUAGL78E66A319746,Plexiglass,330,9/6/2022,5/10/2022,848
881,4USBT33403L641064,Vinyl,215,12/28/2022,3/7/2023,883
882,1G4GC5GR3CF880891,Plastic,316,5/23/2022,3/27/2023,695
883,JH4KA96581C597863,Rubber,262,11/11/2022,12/19/2022,169
884,WA1LMAFEXCD309167,Aluminum,940,1/6/2023,4/27/2022,142
885,WVWED7AJ7CW418342,Plastic,428,10/16/2022,11/24/2022,639
886,JTMHY7AJ2B4572324,Stone,450,5/21/2022,9/1/2022,385
887,19XFB2F54FE352565,Plexiglass,730,10/7/2022,7/1/2022,119
888,2HNYD18613H493011,Wood,668,4/20/2022,5/3/2022,422
889,1G6DV1EP5E0120627,Glass,742,11/11/2022,5/10/2022,3
890,3VW1K7AJ1DM113020,Rubber,19,5/23/2022,11/25/2022,17
891,JH4KC1F36EC102642,Steel,32,11/20/2022,4/21/2022,776
892,JN8AS5MT2BW343218,Glass,493,6/21/2022,1/3/2023,92
893,SCBBB7ZH4DC059662,Plexiglass,917,4/25/2022,7/25/2022,480
894,1C6RD7GP5CS370058,Vinyl,802,3/7/2023,9/10/2022,105
895,1G6DJ5EV1A0369146,Glass,458,7/28/2022,9/8/2022,374
896,2T1BU4EE8CC534608,Brass,890,12/20/2022,5/17/2022,190
897,WA1WKBFP0BA634985,Glass,353,7/27/2022,2/10/2023,215
898,5J8TB4H53GL404211,Stone,294,7/13/2022,3/19/2023,976
899,1G6DP1E35C0110605,Stone,436,8/8/2022,9/29/2022,750
900,WAUDF48H29K944026,Plexiglass,126,11/9/2022,1/9/2023,669
901,1GTN1TEH7EZ688004,Rubber,259,10/20/2022,4/3/2023,465
902,JN1AZ4EH3EM613166,Granite,822,1/18/2023,4/19/2022,676
903,JN1CV6FE2AM460374,Steel,586,12/23/2022,1/8/2023,87
904,WAUGFAFR7BA049571,Plastic,938,12/12/2022,7/21/2022,411
905,WBAKB0C56CC069804,Rubber,962,12/27/2022,10/17/2022,74
906,1G6AF5SX1D0599445,Plastic,665,9/14/2022,12/26/2022,466
907,3C6LD5BT6CG771849,Granite,849,12/10/2022,12/14/2022,348
908,SAJWA1CB4BL338997,Wood,265,10/1/2022,8/21/2022,758
909,W04GV5EV0B1895501,Aluminum,563,12/8/2022,5/23/2022,475
910,1FADP5CU8EL521861,Vinyl,989,9/4/2022,3/22/2023,343
911,WA1WMAFE7DD936200,Wood,224,12/8/2022,12/1/2022,295
912,1G4HJ5EM9BU933427,Rubber,108,3/20/2023,3/10/2023,147
913,TRUVD38J791489776,Rubber,717,4/11/2023,5/5/2022,686
914,1G6AB5SA4E0053232,Brass,236,8/21/2022,9/19/2022,766
915,1FTEX1CV5AF545248,Glass,491,9/24/2022,8/5/2022,279
916,2V4RW3DG8BR432784,Stone,797,10/30/2022,12/5/2022,880
917,2G4WB55K021586181,Aluminum,359,1/21/2023,3/14/2023,204
918,5N1AR1NBXCC447363,Granite,290,6/1/2022,5/10/2022,823
919,1GKKRNED8DJ501276,Brass,645,10/26/2022,11/16/2022,919
920,WAUMFAFH3FN568903,Granite,195,8/22/2022,11/30/2022,687
921,SCFEBBCF5CG955563,Brass,190,9/15/2022,2/11/2023,109
922,1G6DM5E38D0420328,Rubber,433,12/25/2022,7/27/2022,399
923,4A31K3DT0AE011330,Vinyl,9,9/11/2022,1/6/2023,757
924,WAUJC68E45A266005,Aluminum,210,3/4/2023,2/17/2023,856
925,2G4GS5GX0F9470497,Glass,362,8/20/2022,2/12/2023,806
926,1D7RW3GK4AS374380,Rubber,562,6/12/2022,11/22/2022,779
927,1N4AB7AP5DN151580,Granite,415,6/8/2022,6/29/2022,183
928,1G6DE5EY1B0764444,Brass,161,5/12/2022,4/15/2023,277
929,1G6DP577860914666,Plastic,670,7/13/2022,6/1/2022,699
930,1G6DV8EP4E0834824,Rubber,887,4/30/2022,7/11/2022,313
931,WAUDL74F56N316583,Plastic,146,7/2/2022,7/15/2022,596
932,4JGDA0EB1FA637504,Rubber,368,2/16/2023,12/14/2022,718
933,3GYFNFE3XES674412,Stone,756,12/12/2022,2/18/2023,276
934,WAUHMBFCXEN626795,Brass,855,8/13/2022,9/2/2022,230
935,WBAUP9C52DV354231,Wood,733,12/12/2022,12/4/2022,294
936,WA1YD64B64N724171,Rubber,970,11/28/2022,6/15/2022,989
937,JTDJTUD36DD924674,Glass,81,9/2/2022,10/16/2022,396
938,1G6DJ8EY0B0271965,Steel,981,12/9/2022,7/19/2022,523
939,1G6AX5S31F0225561,Vinyl,660,7/4/2022,8/22/2022,587
940,3VW4S7AT8EM441969,Rubber,64,3/3/2023,9/2/2022,872
941,5NPDH4AE5BH810418,Stone,548,1/16/2023,7/3/2022,86
942,5TFCW5F10CX543160,Granite,143,1/3/2023,10/6/2022,988
943,JN1CV6FEXFM591267,Aluminum,648,8/30/2022,12/6/2022,975
944,JTDJTUD39DD771868,Aluminum,888,1/12/2023,6/9/2022,17
945,JTHBL5EF6F1475227,Brass,616,6/9/2022,12/9/2022,942
946,3C63D2JL1CG174186,Vinyl,944,4/20/2022,3/5/2023,495
947,19XFA1F20AE812087,Granite,422,3/28/2023,11/24/2022,946
948,WAUAF78E07A383502,Aluminum,310,2/7/2023,1/9/2023,824
949,TRUB3AFK0D1531610,Rubber,397,10/7/2022,10/22/2022,51
950,KNAFU6A25B5170004,Glass,649,8/27/2022,4/13/2023,315
951,1G4PR5SK9C4811952,Glass,290,4/14/2023,3/13/2023,238
952,SCFEBBAK9CG557921,Aluminum,800,8/17/2022,8/14/2022,958
953,WBAPH5C53BF758374,Glass,475,1/25/2023,4/23/2022,708
954,3D4PG5FV9AT205379,Brass,615,12/7/2022,12/25/2022,89
955,1D4PT7GX8BW197553,Rubber,212,2/23/2023,11/20/2022,514
956,WAUPL58E45A335375,Glass,419,6/10/2022,3/4/2023,107
957,3VW1K7AJ9DM607304,Plastic,249,1/2/2023,3/9/2023,775
958,19XFA1E81BE551916,Aluminum,1,1/8/2023,4/22/2022,522
959,3N1AB6AP8AL236173,Brass,814,7/10/2022,5/4/2022,699
960,3C3CFFBR0FT383092,Stone,737,4/14/2023,3/12/2023,528
961,19UUA76578A301124,Plexiglass,339,4/7/2023,11/4/2022,347
962,1G6AT5S32E0800549,Wood,851,5/10/2022,12/3/2022,441
963,WA1TFAFL7EA084168,Steel,371,12/25/2022,11/22/2022,174
964,WAUKG98E46A359411,Vinyl,550,4/27/2022,9/9/2022,990
965,2C3CDXHG9FH535705,Brass,979,3/28/2023,11/20/2022,857
966,WBANA53575B352413,Plastic,46,9/10/2022,4/26/2022,196
967,WUARL48H45K157822,Glass,24,12/18/2022,6/25/2022,157
968,1GKS1HE08ER899856,Plexiglass,946,4/8/2023,2/16/2023,756
969,5TDBKRFH6FS948865,Glass,895,1/17/2023,4/5/2023,548
970,WUAW2AFC2EN868042,Granite,536,3/14/2023,9/24/2022,402
971,5NPE24AF8FH479208,Stone,106,10/30/2022,12/23/2022,642
972,WAULC58E33A693403,Glass,862,1/6/2023,2/25/2023,782
973,WBAPM5G54BN498756,Granite,944,7/13/2022,4/24/2022,908
974,19UYA42513A984890,Plastic,368,11/20/2022,2/26/2023,870
975,SCBLC43F36C065141,Granite,802,9/26/2022,4/2/2023,547
976,1GYEC63N66R150829,Plexiglass,173,7/21/2022,1/1/2023,969
977,2LNBL8CV3AX987794,Steel,719,4/9/2023,3/6/2023,690
978,YV1672MS3B2021813,Steel,259,4/24/2022,6/27/2022,730
979,WAUEH98E88A129951,Plexiglass,845,9/24/2022,11/10/2022,236
980,1FTEX1CM1BF839013,Glass,848,6/10/2022,11/8/2022,24
981,WBABS534X3E689533,Steel,467,4/14/2023,4/11/2023,651
982,YV1672MKXC2279327,Stone,444,1/22/2023,10/24/2022,68
983,WAULK78K19N406274,Plastic,204,7/8/2022,4/18/2022,239
984,1C4AJWAGXDL089970,Steel,178,5/11/2022,5/8/2022,91
985,3FADP4AJ8DM434154,Aluminum,182,5/30/2022,9/16/2022,905
986,WBALW7C55CC172830,Plastic,637,12/4/2022,12/25/2022,450
987,2T2BK1BA6FC279883,Stone,648,12/10/2022,2/21/2023,654
988,2T2BK1BA6DC973311,Stone,820,6/16/2022,11/11/2022,603
989,WAUVT58EX3A354517,Brass,109,9/10/2022,10/1/2022,986
990,WAUDH98E76A641385,Wood,145,9/10/2022,11/3/2022,97
991,TRUDD38J591493398,Brass,870,7/20/2022,7/10/2022,143
992,5TDBK3EH8CS273269,Stone,450,5/29/2022,5/26/2022,592
993,1GTN1UEH4FZ326669,Wood,995,8/7/2022,2/10/2023,586
994,WDDJK7DA2EF451483,Brass,14,11/29/2022,11/20/2022,62
995,WBAGL83545D692093,Stone,273,12/17/2022,9/24/2022,525
996,1G6KF579X5U871161,Plastic,499,2/13/2023,8/12/2022,203
997,5XYKT3A10CG551391,Plexiglass,748,3/3/2023,5/29/2022,294
998,WBAKX6C5XBC800236,Steel,181,7/29/2022,11/17/2022,623
999,4T3BA3BB0BU911434,Plastic,863,9/27/2022,5/5/2022,859
1000,WBAEN33455E380855,Brass,904,3/31/2023,3/6/2023,931
